{"text": " Bonjour, quelle est l'heure est-il ?", "segments": [{"id": 0, "seek": 0, "start": 0.0, "end": 2.0, "text": " Bonjour, quelle est l'heure est-il ?", "tokens": [50364, 25431, 11, 29237, 871, 287, 6, 23084, 871, 12, 388, 2506, 50464], "temperature": 0.0, "avg_logprob": -0.8452452932085309, "compression_ratio": 0.9, "no_speech_prob": 0.22866852581501007}], "language": "fr"}