{"text": " On voit un mail test comme objet \u00e0 aina.fournierarobasegmail.com", "segments": [{"id": 0, "seek": 0, "start": 0.0, "end": 10.0, "text": " On voit un mail test comme objet \u00e0 aina.fournierarobasegmail.com", "tokens": [50364, 1282, 18164, 517, 10071, 1500, 5173, 14964, 1531, 257, 1426, 13, 69, 396, 19165, 289, 996, 651, 70, 11799, 13, 1112, 50864], "temperature": 0.0, "avg_logprob": -0.44511930147806805, "compression_ratio": 0.9285714285714286, "no_speech_prob": 0.0567251518368721}], "language": "fr"}