{"text": " Envoie un mail test \u00e0 l'adresse aina.fourniur \u00e0 rebase gmail.com", "segments": [{"id": 0, "seek": 0, "start": 0.0, "end": 13.8, "text": " Envoie un mail test \u00e0 l'adresse aina.fourniur \u00e0 rebase gmail.com", "tokens": [50364, 2193, 3080, 414, 517, 10071, 1500, 1531, 287, 6, 345, 22603, 257, 1426, 13, 16931, 374, 3722, 374, 1531, 12970, 651, 290, 11799, 13, 1112, 51054], "temperature": 0.0, "avg_logprob": -0.45749361174447195, "compression_ratio": 0.9565217391304348, "no_speech_prob": 0.07088468968868256}], "language": "fr"}